JobID|JobIDRaw|JobName|User|Account|Partition|State|Submit|Start|End|Elapsed|ElapsedRaw|Timelimit|NNodes|NodeList|NCPUS|ReqMem|MaxRSS|AllocTRES|ReqTRES|TotalCPU|CPUTimeRAW|ExitCode
66499137_0|66499138|pseudobulk|vsc37069|lccbe|batch_sapphirerapids|COMPLETED|2026-04-20T13:46:35|2026-04-20T13:46:36|2026-04-20T14:11:13|00:24:37|1477|01:00:00|1|q16c05n2|20|50000M||billing=69,cpu=20,mem=50000M,node=1|billing=69,cpu=20,mem=50000M,node=1|24:17.075|29540|0:0
66499137_0.batch|66499138.batch|batch||lccbe||COMPLETED|2026-04-20T13:46:36|2026-04-20T13:46:36|2026-04-20T14:11:13|00:24:37|1477||1|q16c05n2|20||23408.57M|cpu=20,mem=50000M,node=1||24:17.075|29540|0:0
66499137_0.extern|66499138.extern|extern||lccbe||COMPLETED|2026-04-20T13:46:36|2026-04-20T13:46:36|2026-04-20T14:11:13|00:24:37|1477||1|q16c05n2|20|||billing=69,cpu=20,mem=50000M,node=1||00:00:00|29540|0:0
66499137_1|66499139|pseudobulk|vsc37069|lccbe|batch_sapphirerapids|COMPLETED|2026-04-20T13:46:35|2026-04-20T13:46:36|2026-04-20T14:12:38|00:26:02|1562|01:00:00|1|q16c07n1|20|50000M||billing=69,cpu=20,mem=50000M,node=1|billing=69,cpu=20,mem=50000M,node=1|25:40.932|31240|0:0
66499137_1.batch|66499139.batch|batch||lccbe||COMPLETED|2026-04-20T13:46:36|2026-04-20T13:46:36|2026-04-20T14:12:38|00:26:02|1562||1|q16c07n1|20||26400.85M|cpu=20,mem=50000M,node=1||25:40.932|31240|0:0
66499137_1.extern|66499139.extern|extern||lccbe||COMPLETED|2026-04-20T13:46:36|2026-04-20T13:46:36|2026-04-20T14:12:38|00:26:02|1562||1|q16c07n1|20|||billing=69,cpu=20,mem=50000M,node=1||00:00:00|31240|0:0
66499137_2|66499140|pseudobulk|vsc37069|lccbe|batch_sapphirerapids|COMPLETED|2026-04-20T13:46:35|2026-04-20T13:46:36|2026-04-20T14:16:41|00:30:05|1805|01:00:00|1|q16c07n1|20|50000M||billing=69,cpu=20,mem=50000M,node=1|billing=69,cpu=20,mem=50000M,node=1|29:40.822|36100|0:0
66499137_2.batch|66499140.batch|batch||lccbe||COMPLETED|2026-04-20T13:46:36|2026-04-20T13:46:36|2026-04-20T14:16:41|00:30:05|1805||1|q16c07n1|20||23067.91M|cpu=20,mem=50000M,node=1||29:40.822|36100|0:0
66499137_2.extern|66499140.extern|extern||lccbe||COMPLETED|2026-04-20T13:46:36|2026-04-20T13:46:36|2026-04-20T14:16:41|00:30:05|1805||1|q16c07n1|20|||billing=69,cpu=20,mem=50000M,node=1||00:00:00|36100|0:0
66499137_3|66499141|pseudobulk|vsc37069|lccbe|batch_sapphirerapids|COMPLETED|2026-04-20T13:46:35|2026-04-20T13:46:36|2026-04-20T14:14:16|00:27:40|1660|01:00:00|1|q16c07n4|20|50000M||billing=69,cpu=20,mem=50000M,node=1|billing=69,cpu=20,mem=50000M,node=1|27:10.537|33200|0:0
66499137_3.batch|66499141.batch|batch||lccbe||COMPLETED|2026-04-20T13:46:36|2026-04-20T13:46:36|2026-04-20T14:14:16|00:27:40|1660||1|q16c07n4|20||27049.11M|cpu=20,mem=50000M,node=1||27:10.537|33200|0:0
66499137_3.extern|66499141.extern|extern||lccbe||COMPLETED|2026-04-20T13:46:36|2026-04-20T13:46:36|2026-04-20T14:14:17|00:27:41|1661||1|q16c07n4|20|||billing=69,cpu=20,mem=50000M,node=1||00:00:00|33220|0:0
66499137_4|66499142|pseudobulk|vsc37069|lccbe|batch_sapphirerapids|COMPLETED|2026-04-20T13:46:35|2026-04-20T13:46:36|2026-04-20T14:12:37|00:26:01|1561|01:00:00|1|q16c15n2|20|50000M||billing=69,cpu=20,mem=50000M,node=1|billing=69,cpu=20,mem=50000M,node=1|25:34.904|31220|0:0
66499137_4.batch|66499142.batch|batch||lccbe||COMPLETED|2026-04-20T13:46:36|2026-04-20T13:46:36|2026-04-20T14:12:37|00:26:01|1561||1|q16c15n2|20||32676.40M|cpu=20,mem=50000M,node=1||25:34.904|31220|0:0
66499137_4.extern|66499142.extern|extern||lccbe||COMPLETED|2026-04-20T13:46:36|2026-04-20T13:46:36|2026-04-20T14:12:37|00:26:01|1561||1|q16c15n2|20|||billing=69,cpu=20,mem=50000M,node=1||00:00:00|31220|0:0
66499137_5|66499137|pseudobulk|vsc37069|lccbe|batch_sapphirerapids|COMPLETED|2026-04-20T13:46:35|2026-04-20T13:46:36|2026-04-20T14:17:02|00:30:26|1826|01:00:00|1|q16c15n2|20|50000M||billing=69,cpu=20,mem=50000M,node=1|billing=69,cpu=20,mem=50000M,node=1|30:01.112|36520|0:0
66499137_5.batch|66499137.batch|batch||lccbe||COMPLETED|2026-04-20T13:46:36|2026-04-20T13:46:36|2026-04-20T14:17:02|00:30:26|1826||1|q16c15n2|20||30478.77M|cpu=20,mem=50000M,node=1||30:01.112|36520|0:0
66499137_5.extern|66499137.extern|extern||lccbe||COMPLETED|2026-04-20T13:46:36|2026-04-20T13:46:36|2026-04-20T14:17:02|00:30:26|1826||1|q16c15n2|20|||billing=69,cpu=20,mem=50000M,node=1||00:00:00|36520|0:0
66503611_3|66510346|deconvolutionfittng|vsc37069|lccbe|gpu_a100|COMPLETED|2026-04-20T17:40:20|2026-04-20T21:49:23|2026-04-21T01:47:53|03:58:30|14310|08:00:00|1|k28g27|28|7000M||billing=212,cpu=28,gres/gpu:a100-sxm4-80gb=1,gres/gpu=1,mem=196000M,node=1|billing=2,cpu=1,gres/gpu=1,mem=7000M,node=1|07:40:39|400680|0:0
66503611_3.batch|66510346.batch|batch||lccbe||COMPLETED|2026-04-20T21:49:23|2026-04-20T21:49:23|2026-04-21T01:47:53|03:58:30|14310||1|k28g27|28||9503.74M|cpu=28,gres/gpu:a100-sxm4-80gb=1,gres/gpu=1,mem=196000M,node=1||07:40:39|400680|0:0
66503611_3.extern|66510346.extern|extern||lccbe||COMPLETED|2026-04-20T21:49:23|2026-04-20T21:49:23|2026-04-21T01:47:53|03:58:30|14310||1|k28g27|28|||billing=212,cpu=28,gres/gpu:a100-sxm4-80gb=1,gres/gpu=1,mem=196000M,node=1||00:00:00|400680|0:0
66503611_4|66510350|deconvolutionfittng|vsc37069|lccbe|gpu_a100|COMPLETED|2026-04-20T17:40:20|2026-04-20T21:50:26|2026-04-21T00:56:42|03:06:16|11176|08:00:00|1|k28g27|18|7000M||billing=187,cpu=18,gres/gpu:a100-sxm4-80gb=1,gres/gpu=1,mem=126000M,node=1|billing=2,cpu=1,gres/gpu=1,mem=7000M,node=1|05:52:43|201168|0:0
66503611_4.batch|66510350.batch|batch||lccbe||COMPLETED|2026-04-20T21:50:26|2026-04-20T21:50:26|2026-04-21T00:56:42|03:06:16|11176||1|k28g27|18||12034.71M|cpu=18,gres/gpu:a100-sxm4-80gb=1,gres/gpu=1,mem=126000M,node=1||05:52:43|201168|0:0
66503611_4.extern|66510350.extern|extern||lccbe||COMPLETED|2026-04-20T21:50:26|2026-04-20T21:50:26|2026-04-21T00:56:42|03:06:16|11176||1|k28g27|18|||billing=187,cpu=18,gres/gpu:a100-sxm4-80gb=1,gres/gpu=1,mem=126000M,node=1||00:00:00|201168|0:0
66503611_5|66503611|deconvolutionfittng|vsc37069|lccbe|gpu_a100|COMPLETED|2026-04-20T17:40:20|2026-04-20T21:55:40|2026-04-21T01:53:46|03:58:06|14286|08:00:00|1|k28g25|18|7000M||billing=187,cpu=18,gres/gpu:a100-sxm4-80gb=1,gres/gpu=1,mem=126000M,node=1|billing=2,cpu=1,gres/gpu=1,mem=7000M,node=1|07:20:59|257148|0:0
66503611_5.batch|66503611.batch|batch||lccbe||COMPLETED|2026-04-20T21:55:40|2026-04-20T21:55:40|2026-04-21T01:53:46|03:58:06|14286||1|k28g25|18||10382.24M|cpu=18,gres/gpu:a100-sxm4-80gb=1,gres/gpu=1,mem=126000M,node=1||07:20:59|257148|0:0
66503611_5.extern|66503611.extern|extern||lccbe||COMPLETED|2026-04-20T21:55:40|2026-04-20T21:55:40|2026-04-21T01:53:46|03:58:06|14286||1|k28g25|18|||billing=187,cpu=18,gres/gpu:a100-sxm4-80gb=1,gres/gpu=1,mem=126000M,node=1||00:00:00|257148|0:0
66514887|66514887|dismir_pseudobulk|vsc37069|lccbe|batch|COMPLETED|2026-04-21T09:36:08|2026-04-21T09:36:12|2026-04-21T10:06:18|00:30:06|1806|15:00:00|1|n28c25n1|20|68000M||billing=50,cpu=20,mem=68000M,node=1|billing=50,cpu=20,mem=68000M,node=1|29:11.035|36120|0:0
66514887.batch|66514887.batch|batch||lccbe||COMPLETED|2026-04-21T09:36:12|2026-04-21T09:36:12|2026-04-21T10:06:18|00:30:06|1806||1|n28c25n1|20||32125.70M|cpu=20,mem=68000M,node=1||29:11.035|36120|0:0
66514887.extern|66514887.extern|extern||lccbe||COMPLETED|2026-04-21T09:36:12|2026-04-21T09:36:12|2026-04-21T10:06:18|00:30:06|1806||1|n28c25n1|20|||billing=50,cpu=20,mem=68000M,node=1||00:00:00|36120|0:0
66515420_0|66517136|deconvolutionfittng|vsc37069|lccbe|gpu_a100|COMPLETED|2026-04-21T10:11:37|2026-04-21T11:25:36|2026-04-21T15:05:06|03:39:30|13170|08:00:00|1|k28g25|27|7000M||billing=210,cpu=27,gres/gpu:a100-sxm4-80gb=1,gres/gpu=1,mem=189000M,node=1|billing=2,cpu=1,gres/gpu=1,mem=7000M,node=1|07:51:31|355590|0:0
66515420_0.batch|66517136.batch|batch||lccbe||COMPLETED|2026-04-21T11:25:36|2026-04-21T11:25:36|2026-04-21T15:05:06|03:39:30|13170||1|k28g25|27||10060.62M|cpu=27,gres/gpu:a100-sxm4-80gb=1,gres/gpu=1,mem=189000M,node=1||07:51:31|355590|0:0
66515420_0.extern|66517136.extern|extern||lccbe||COMPLETED|2026-04-21T11:25:36|2026-04-21T11:25:36|2026-04-21T15:05:06|03:39:30|13170||1|k28g25|27|||billing=210,cpu=27,gres/gpu:a100-sxm4-80gb=1,gres/gpu=1,mem=189000M,node=1||00:00:00|355590|0:0
66515420_1|66527030|deconvolutionfittng|vsc37069|lccbe|gpu_a100|COMPLETED|2026-04-21T10:11:37|2026-04-22T00:10:53|2026-04-22T04:05:51|03:54:58|14098|08:00:00|1|k28g25|32|7000M||billing=223,cpu=32,gres/gpu:a100-sxm4-80gb=1,gres/gpu=1,mem=224000M,node=1|billing=2,cpu=1,gres/gpu=1,mem=7000M,node=1|08:51:44|451136|0:0
66515420_1.batch|66527030.batch|batch||lccbe||COMPLETED|2026-04-22T00:10:53|2026-04-22T00:10:53|2026-04-22T04:05:51|03:54:58|14098||1|k28g25|32||10652.32M|cpu=32,gres/gpu:a100-sxm4-80gb=1,gres/gpu=1,mem=224000M,node=1||08:51:44|451136|0:0
66515420_1.extern|66527030.extern|extern||lccbe||COMPLETED|2026-04-22T00:10:53|2026-04-22T00:10:53|2026-04-22T04:05:51|03:54:58|14098||1|k28g25|32|||billing=223,cpu=32,gres/gpu:a100-sxm4-80gb=1,gres/gpu=1,mem=224000M,node=1||00:00:00|451136|0:0
66515709|66515709|dismir_pseudobulk|vsc37069|lccbe|batch|COMPLETED|2026-04-21T10:22:24|2026-04-21T10:23:16|2026-04-21T13:22:47|02:59:31|10771|15:00:00|1|m28c20n4|20|68000M||billing=50,cpu=20,mem=68000M,node=1|billing=50,cpu=20,mem=68000M,node=1|2-07:46:52|215420|0:0
66515709.batch|66515709.batch|batch||lccbe||COMPLETED|2026-04-21T10:23:16|2026-04-21T10:23:16|2026-04-21T13:22:47|02:59:31|10771||1|m28c20n4|20||29631.38M|cpu=20,mem=68000M,node=1||2-07:46:52|215420|0:0
66515709.extern|66515709.extern|extern||lccbe||COMPLETED|2026-04-21T10:23:16|2026-04-21T10:23:16|2026-04-21T13:22:47|02:59:31|10771||1|m28c20n4|20|||billing=50,cpu=20,mem=68000M,node=1||00:00:00|215420|0:0
66530307_2|66530307|pseudobulk|vsc37069|lccbe|batch_sapphirerapids|COMPLETED|2026-04-22T16:17:01|2026-04-22T16:17:20|2026-04-23T03:50:27|11:33:07|41587|14:00:00|1|q16c03n1|20|50000M||billing=69,cpu=20,mem=50000M,node=1|billing=69,cpu=20,mem=50000M,node=1|8-06:31:48|831740|0:0
66530307_2.batch|66530307.batch|batch||lccbe||COMPLETED|2026-04-22T16:17:20|2026-04-22T16:17:20|2026-04-23T03:50:27|11:33:07|41587||1|q16c03n1|20||49987.08M|cpu=20,mem=50000M,node=1||8-06:31:48|831740|0:0
66530307_2.extern|66530307.extern|extern||lccbe||COMPLETED|2026-04-22T16:17:20|2026-04-22T16:17:20|2026-04-23T03:50:27|11:33:07|41587||1|q16c03n1|20|||billing=69,cpu=20,mem=50000M,node=1||00:00:00|831740|0:0
66536044|66536044|dismir_pseudobulk|vsc37069|lccbe|batch|COMPLETED|2026-04-23T14:48:32|2026-04-23T14:48:37|2026-04-23T18:02:43|03:14:06|11646|15:00:00|1|l33c25n3|20|68000M||billing=50,cpu=20,mem=68000M,node=1|billing=50,cpu=20,mem=68000M,node=1|2-12:49:27|232920|0:0
66536044.batch|66536044.batch|batch||lccbe||COMPLETED|2026-04-23T14:48:37|2026-04-23T14:48:37|2026-04-23T18:02:43|03:14:06|11646||1|l33c25n3|20||36775.43M|cpu=20,mem=68000M,node=1||2-12:49:27|232920|0:0
66536044.extern|66536044.extern|extern||lccbe||COMPLETED|2026-04-23T14:48:37|2026-04-23T14:48:37|2026-04-23T18:02:43|03:14:06|11646||1|l33c25n3|20|||billing=50,cpu=20,mem=68000M,node=1||00:00:00|232920|0:0
66536193_0|66536198|pseudobulk|vsc37069|lccbe|batch_sapphirerapids|COMPLETED|2026-04-23T14:58:55|2026-04-23T14:59:55|2026-04-23T15:25:40|00:25:45|1545|14:00:00|1|q16c03n2|20|50000M||billing=69,cpu=20,mem=50000M,node=1|billing=69,cpu=20,mem=50000M,node=1|25:03.045|30900|0:0
66536193_0.batch|66536198.batch|batch||lccbe||COMPLETED|2026-04-23T14:59:55|2026-04-23T14:59:55|2026-04-23T15:25:40|00:25:45|1545||1|q16c03n2|20||37066.06M|cpu=20,mem=50000M,node=1||25:03.045|30900|0:0
66536193_0.extern|66536198.extern|extern||lccbe||COMPLETED|2026-04-23T14:59:55|2026-04-23T14:59:55|2026-04-23T15:25:40|00:25:45|1545||1|q16c03n2|20|||billing=69,cpu=20,mem=50000M,node=1||00:00:00|30900|0:0
66537368|66537368|lookup_pseudobulk|vsc37069|lccbe|batch|COMPLETED|2026-04-23T17:15:32|2026-04-23T17:15:48|2026-04-23T20:33:33|03:17:45|11865|15:00:00|1|l33c22n4|20|68000M||billing=50,cpu=20,mem=68000M,node=1|billing=50,cpu=20,mem=68000M,node=1|2-14:03:02|237300|0:0
66537368.batch|66537368.batch|batch||lccbe||COMPLETED|2026-04-23T17:15:48|2026-04-23T17:15:48|2026-04-23T20:33:33|03:17:45|11865||1|l33c22n4|20||36725.99M|cpu=20,mem=68000M,node=1||2-14:03:02|237300|0:0
66537368.extern|66537368.extern|extern||lccbe||COMPLETED|2026-04-23T17:15:48|2026-04-23T17:15:48|2026-04-23T20:33:33|03:17:45|11865||1|l33c22n4|20|||billing=50,cpu=20,mem=68000M,node=1||00:00:00|237300|0:0
66539789|66539789|lookup_pseudobulk|vsc37069|lccbe|batch|COMPLETED|2026-04-24T10:13:47|2026-04-24T10:14:45|2026-04-24T10:38:54|00:24:09|1449|15:00:00|1|m33c32n3|20|68000M||billing=50,cpu=20,mem=68000M,node=1|billing=50,cpu=20,mem=68000M,node=1|23:20.676|28980|0:0
66539789.batch|66539789.batch|batch||lccbe||COMPLETED|2026-04-24T10:14:45|2026-04-24T10:14:45|2026-04-24T10:38:54|00:24:09|1449||1|m33c32n3|20||41133.76M|cpu=20,mem=68000M,node=1||23:20.676|28980|0:0
66539789.extern|66539789.extern|extern||lccbe||COMPLETED|2026-04-24T10:14:45|2026-04-24T10:14:45|2026-04-24T10:38:54|00:24:09|1449||1|m33c32n3|20|||billing=50,cpu=20,mem=68000M,node=1||00:00:00|28980|0:0
66539843|66539843|lookup_pseudobulk|vsc37069|lccbe|batch|COMPLETED|2026-04-24T10:18:49|2026-04-24T10:19:49|2026-04-24T10:47:37|00:27:48|1668|15:00:00|1|m28c25n1|20|68000M||billing=50,cpu=20,mem=68000M,node=1|billing=50,cpu=20,mem=68000M,node=1|27:05.244|33360|0:0
66539843.batch|66539843.batch|batch||lccbe||COMPLETED|2026-04-24T10:19:49|2026-04-24T10:19:49|2026-04-24T10:47:37|00:27:48|1668||1|m28c25n1|20||35840.42M|cpu=20,mem=68000M,node=1||27:05.244|33360|0:0
66539843.extern|66539843.extern|extern||lccbe||COMPLETED|2026-04-24T10:19:49|2026-04-24T10:19:49|2026-04-24T10:47:37|00:27:48|1668||1|m28c25n1|20|||billing=50,cpu=20,mem=68000M,node=1||00:00:00|33360|0:0
66542045_0|66542046|pseudobulk|vsc37069|lccbe|batch_sapphirerapids|COMPLETED|2026-04-24T14:21:33|2026-04-24T14:21:34|2026-04-24T19:00:20|04:38:46|16726|14:00:00|1|q16c09n2|20|50000M||billing=69,cpu=20,mem=50000M,node=1|billing=69,cpu=20,mem=50000M,node=1|3-01:37:19|334520|0:0
66542045_0.batch|66542046.batch|batch||lccbe||COMPLETED|2026-04-24T14:21:34|2026-04-24T14:21:34|2026-04-24T19:00:20|04:38:46|16726||1|q16c09n2|20||32293.23M|cpu=20,mem=50000M,node=1||3-01:37:19|334520|0:0
66542045_0.extern|66542046.extern|extern||lccbe||COMPLETED|2026-04-24T14:21:34|2026-04-24T14:21:34|2026-04-24T19:00:20|04:38:46|16726||1|q16c09n2|20|||billing=69,cpu=20,mem=50000M,node=1||00:00:00|334520|0:0
66542045_1|66542047|pseudobulk|vsc37069|lccbe|batch_sapphirerapids|COMPLETED|2026-04-24T14:21:33|2026-04-24T14:21:34|2026-04-24T18:22:52|04:01:18|14478|14:00:00|1|q16c28n3|20|50000M||billing=69,cpu=20,mem=50000M,node=1|billing=69,cpu=20,mem=50000M,node=1|3-04:07:08|289560|0:0
66542045_1.batch|66542047.batch|batch||lccbe||COMPLETED|2026-04-24T14:21:34|2026-04-24T14:21:34|2026-04-24T18:22:52|04:01:18|14478||1|q16c28n3|20||32322.97M|cpu=20,mem=50000M,node=1||3-04:07:08|289560|0:0
66542045_1.extern|66542047.extern|extern||lccbe||COMPLETED|2026-04-24T14:21:34|2026-04-24T14:21:34|2026-04-24T18:22:52|04:01:18|14478||1|q16c28n3|20|||billing=69,cpu=20,mem=50000M,node=1||00:00:00|289560|0:0
66542045_2|66542045|pseudobulk|vsc37069|lccbe|batch_sapphirerapids|COMPLETED|2026-04-24T14:21:33|2026-04-24T14:21:34|2026-04-24T17:58:31|03:36:57|13017|14:00:00|1|q16c30n1|20|50000M||billing=69,cpu=20,mem=50000M,node=1|billing=69,cpu=20,mem=50000M,node=1|2-20:08:34|260340|0:0
66542045_2.batch|66542045.batch|batch||lccbe||COMPLETED|2026-04-24T14:21:34|2026-04-24T14:21:34|2026-04-24T17:58:31|03:36:57|13017||1|q16c30n1|20||27060.44M|cpu=20,mem=50000M,node=1||2-20:08:34|260340|0:0
66542045_2.extern|66542045.extern|extern||lccbe||COMPLETED|2026-04-24T14:21:34|2026-04-24T14:21:34|2026-04-24T17:58:31|03:36:57|13017||1|q16c30n1|20|||billing=69,cpu=20,mem=50000M,node=1||00:00:00|260340|0:0
66576411_2|66576419|lookup_pseudobulk|vsc37069|lccbe|batch|COMPLETED|2026-04-27T16:43:30|2026-04-27T16:44:14|2026-04-27T20:31:07|03:46:53|13613|15:00:00|1|m33c27n1|20|68000M||billing=50,cpu=20,mem=68000M,node=1|billing=50,cpu=20,mem=68000M,node=1|2-23:34:23|272260|0:0
66576411_2.batch|66576419.batch|batch||lccbe||COMPLETED|2026-04-27T16:44:14|2026-04-27T16:44:14|2026-04-27T20:31:07|03:46:53|13613||1|m33c27n1|20||28437.61M|cpu=20,mem=68000M,node=1||2-23:34:23|272260|0:0
66576411_2.extern|66576419.extern|extern||lccbe||COMPLETED|2026-04-27T16:44:14|2026-04-27T16:44:14|2026-04-27T20:31:07|03:46:53|13613||1|m33c27n1|20|||billing=50,cpu=20,mem=68000M,node=1||00:00:00|272260|0:0
66576411_3|66576420|lookup_pseudobulk|vsc37069|lccbe|batch|COMPLETED|2026-04-27T16:43:30|2026-04-27T16:44:14|2026-04-27T20:34:19|03:50:05|13805|15:00:00|1|m33c27n4|20|68000M||billing=50,cpu=20,mem=68000M,node=1|billing=50,cpu=20,mem=68000M,node=1|3-00:39:53|276100|0:0
66576411_3.batch|66576420.batch|batch||lccbe||COMPLETED|2026-04-27T16:44:14|2026-04-27T16:44:14|2026-04-27T20:34:19|03:50:05|13805||1|m33c27n4|20||35942.47M|cpu=20,mem=68000M,node=1||3-00:39:53|276100|0:0
66576411_3.extern|66576420.extern|extern||lccbe||COMPLETED|2026-04-27T16:44:14|2026-04-27T16:44:14|2026-04-27T20:34:19|03:50:05|13805||1|m33c27n4|20|||billing=50,cpu=20,mem=68000M,node=1||00:00:00|276100|0:0
66576411_4|66576421|lookup_pseudobulk|vsc37069|lccbe|batch|COMPLETED|2026-04-27T16:43:30|2026-04-27T16:44:14|2026-04-27T20:44:03|03:59:49|14389|15:00:00|1|r33c20n3|20|68000M||billing=50,cpu=20,mem=68000M,node=1|billing=50,cpu=20,mem=68000M,node=1|3-01:20:28|287780|0:0
66576411_4.batch|66576421.batch|batch||lccbe||COMPLETED|2026-04-27T16:44:14|2026-04-27T16:44:14|2026-04-27T20:44:03|03:59:49|14389||1|r33c20n3|20||36649.32M|cpu=20,mem=68000M,node=1||3-01:20:28|287780|0:0
66576411_4.extern|66576421.extern|extern||lccbe||COMPLETED|2026-04-27T16:44:14|2026-04-27T16:44:14|2026-04-27T20:44:03|03:59:49|14389||1|r33c20n3|20|||billing=50,cpu=20,mem=68000M,node=1||00:00:00|287780|0:0
66576411_5|66576411|lookup_pseudobulk|vsc37069|lccbe|batch|COMPLETED|2026-04-27T16:43:30|2026-04-27T16:44:14|2026-04-27T19:29:17|02:45:03|9903|15:00:00|1|r33c25n3|20|68000M||billing=50,cpu=20,mem=68000M,node=1|billing=50,cpu=20,mem=68000M,node=1|2-03:28:21|198060|0:0
66576411_5.batch|66576411.batch|batch||lccbe||COMPLETED|2026-04-27T16:44:14|2026-04-27T16:44:14|2026-04-27T19:29:17|02:45:03|9903||1|r33c25n3|20||37646.82M|cpu=20,mem=68000M,node=1||2-03:28:21|198060|0:0
66576411_5.extern|66576411.extern|extern||lccbe||COMPLETED|2026-04-27T16:44:14|2026-04-27T16:44:14|2026-04-27T19:29:17|02:45:03|9903||1|r33c25n3|20|||billing=50,cpu=20,mem=68000M,node=1||00:00:00|198060|0:0
66577420_0|66577421|lookup_pseudobulk|vsc37069|lccbe|batch|COMPLETED|2026-04-27T18:10:35|2026-04-27T18:10:39|2026-04-27T21:28:28|03:17:49|11869|15:00:00|1|m33c30n4|20|68000M||billing=50,cpu=20,mem=68000M,node=1|billing=50,cpu=20,mem=68000M,node=1|2-12:42:38|237380|0:0
66577420_0.batch|66577421.batch|batch||lccbe||COMPLETED|2026-04-27T18:10:39|2026-04-27T18:10:39|2026-04-27T21:28:28|03:17:49|11869||1|m33c30n4|20||26262.75M|cpu=20,mem=68000M,node=1||2-12:42:38|237380|0:0
66577420_0.extern|66577421.extern|extern||lccbe||COMPLETED|2026-04-27T18:10:39|2026-04-27T18:10:39|2026-04-27T21:28:28|03:17:49|11869||1|m33c30n4|20|||billing=50,cpu=20,mem=68000M,node=1||00:00:00|237380|0:0
66577420_1|66577422|lookup_pseudobulk|vsc37069|lccbe|batch|COMPLETED|2026-04-27T18:10:35|2026-04-27T18:10:39|2026-04-27T20:52:56|02:42:17|9737|15:00:00|1|p33c32n1|20|68000M||billing=50,cpu=20,mem=68000M,node=1|billing=50,cpu=20,mem=68000M,node=1|2-01:32:44|194740|0:0
66577420_1.batch|66577422.batch|batch||lccbe||COMPLETED|2026-04-27T18:10:39|2026-04-27T18:10:39|2026-04-27T20:52:56|02:42:17|9737||1|p33c32n1|20||33940.69M|cpu=20,mem=68000M,node=1||2-01:32:44|194740|0:0
66577420_1.extern|66577422.extern|extern||lccbe||COMPLETED|2026-04-27T18:10:39|2026-04-27T18:10:39|2026-04-27T20:52:56|02:42:17|9737||1|p33c32n1|20|||billing=50,cpu=20,mem=68000M,node=1||00:00:00|194740|0:0
66577420_2|66577420|lookup_pseudobulk|vsc37069|lccbe|batch|COMPLETED|2026-04-27T18:10:35|2026-04-27T18:10:39|2026-04-27T20:54:27|02:43:48|9828|15:00:00|1|p33c32n2|20|68000M||billing=50,cpu=20,mem=68000M,node=1|billing=50,cpu=20,mem=68000M,node=1|2-02:36:26|196560|0:0
66577420_2.batch|66577420.batch|batch||lccbe||COMPLETED|2026-04-27T18:10:39|2026-04-27T18:10:39|2026-04-27T20:54:27|02:43:48|9828||1|p33c32n2|20||38063.84M|cpu=20,mem=68000M,node=1||2-02:36:26|196560|0:0
66577420_2.extern|66577420.extern|extern||lccbe||COMPLETED|2026-04-27T18:10:39|2026-04-27T18:10:39|2026-04-27T20:54:27|02:43:48|9828||1|p33c32n2|20|||billing=50,cpu=20,mem=68000M,node=1||00:00:00|196560|0:0
66581004_0|66581005|lookup_pseudobulk|vsc37069|lccbe|batch_sapphirerapids|COMPLETED|2026-04-28T10:52:31|2026-04-28T10:52:32|2026-04-28T14:28:35|03:36:03|12963|15:00:00|1|q16c03n4|20|50000M||billing=69,cpu=20,mem=50000M,node=1|billing=69,cpu=20,mem=50000M,node=1|2-20:18:59|259260|0:0
66581004_0.batch|66581005.batch|batch||lccbe||COMPLETED|2026-04-28T10:52:32|2026-04-28T10:52:32|2026-04-28T14:28:35|03:36:03|12963||1|q16c03n4|20||26844.43M|cpu=20,mem=50000M,node=1||2-20:18:59|259260|0:0
66581004_0.extern|66581005.extern|extern||lccbe||COMPLETED|2026-04-28T10:52:32|2026-04-28T10:52:32|2026-04-28T14:28:35|03:36:03|12963||1|q16c03n4|20|||billing=69,cpu=20,mem=50000M,node=1||00:00:00|259260|0:0
66581004_1|66581004|lookup_pseudobulk|vsc37069|lccbe|batch_sapphirerapids|COMPLETED|2026-04-28T10:52:31|2026-04-28T10:52:32|2026-04-28T14:23:27|03:30:55|12655|15:00:00|1|q16c05n1|20|50000M||billing=69,cpu=20,mem=50000M,node=1|billing=69,cpu=20,mem=50000M,node=1|2-16:38:31|253100|0:0
66581004_1.batch|66581004.batch|batch||lccbe||COMPLETED|2026-04-28T10:52:32|2026-04-28T10:52:32|2026-04-28T14:23:27|03:30:55|12655||1|q16c05n1|20||36725.88M|cpu=20,mem=50000M,node=1||2-16:38:31|253100|0:0
66581004_1.extern|66581004.extern|extern||lccbe||COMPLETED|2026-04-28T10:52:32|2026-04-28T10:52:32|2026-04-28T14:23:27|03:30:55|12655||1|q16c05n1|20|||billing=69,cpu=20,mem=50000M,node=1||00:00:00|253100|0:0
66582129_0|66582138|lookup_pseudobulk|vsc37069|lccbe|batch_sapphirerapids|COMPLETED|2026-04-28T13:13:52|2026-04-28T13:14:48|2026-04-28T14:52:23|01:37:35|5855|15:00:00|1|q16c03n3|20|50000M||billing=69,cpu=20,mem=50000M,node=1|billing=69,cpu=20,mem=50000M,node=1|1-05:59:47|117100|0:0
66582129_0.batch|66582138.batch|batch||lccbe||COMPLETED|2026-04-28T13:14:48|2026-04-28T13:14:48|2026-04-28T14:52:23|01:37:35|5855||1|q16c03n3|20||21451.87M|cpu=20,mem=50000M,node=1||1-05:59:47|117100|0:0
66582129_0.extern|66582138.extern|extern||lccbe||COMPLETED|2026-04-28T13:14:48|2026-04-28T13:14:48|2026-04-28T14:52:23|01:37:35|5855||1|q16c03n3|20|||billing=69,cpu=20,mem=50000M,node=1||00:00:00|117100|0:0
66582129_1|66582129|lookup_pseudobulk|vsc37069|lccbe|batch_sapphirerapids|COMPLETED|2026-04-28T13:13:52|2026-04-28T13:14:48|2026-04-28T14:56:20|01:41:32|6092|15:00:00|1|q16c05n4|20|50000M||billing=69,cpu=20,mem=50000M,node=1|billing=69,cpu=20,mem=50000M,node=1|1-07:37:05|121840|0:0
66582129_1.batch|66582129.batch|batch||lccbe||COMPLETED|2026-04-28T13:14:48|2026-04-28T13:14:48|2026-04-28T14:56:20|01:41:32|6092||1|q16c05n4|20||24465.33M|cpu=20,mem=50000M,node=1||1-07:37:05|121840|0:0
66582129_1.extern|66582129.extern|extern||lccbe||COMPLETED|2026-04-28T13:14:48|2026-04-28T13:14:48|2026-04-28T14:56:20|01:41:32|6092||1|q16c05n4|20|||billing=69,cpu=20,mem=50000M,node=1||00:00:00|121840|0:0
66583150_0|66583156|lookup_pseudobulk|vsc37069|lccbe|batch_sapphirerapids|COMPLETED|2026-04-28T14:59:58|2026-04-28T15:00:45|2026-04-28T15:19:21|00:18:36|1116|15:00:00|1|q16c03n3|20|50000M||billing=69,cpu=20,mem=50000M,node=1|billing=69,cpu=20,mem=50000M,node=1|18:13.184|22320|0:0
66583150_0.batch|66583156.batch|batch||lccbe||COMPLETED|2026-04-28T15:00:45|2026-04-28T15:00:45|2026-04-28T15:19:21|00:18:36|1116||1|q16c03n3|20||19431.90M|cpu=20,mem=50000M,node=1||18:13.184|22320|0:0
66583150_0.extern|66583156.extern|extern||lccbe||COMPLETED|2026-04-28T15:00:45|2026-04-28T15:00:45|2026-04-28T15:19:21|00:18:36|1116||1|q16c03n3|20|||billing=69,cpu=20,mem=50000M,node=1||00:00:00|22320|0:0
66583150_1|66583150|lookup_pseudobulk|vsc37069|lccbe|batch_sapphirerapids|COMPLETED|2026-04-28T14:59:58|2026-04-28T15:00:45|2026-04-28T15:16:45|00:16:00|960|15:00:00|1|q16c03n4|20|50000M||billing=69,cpu=20,mem=50000M,node=1|billing=69,cpu=20,mem=50000M,node=1|15:34.397|19200|0:0
66583150_1.batch|66583150.batch|batch||lccbe||COMPLETED|2026-04-28T15:00:45|2026-04-28T15:00:45|2026-04-28T15:16:45|00:16:00|960||1|q16c03n4|20||21914.58M|cpu=20,mem=50000M,node=1||15:34.397|19200|0:0
66583150_1.extern|66583150.extern|extern||lccbe||COMPLETED|2026-04-28T15:00:45|2026-04-28T15:00:45|2026-04-28T15:16:45|00:16:00|960||1|q16c03n4|20|||billing=69,cpu=20,mem=50000M,node=1||00:00:00|19200|0:0
