Classifier	Deconvolver	Calibrator	Feature Scheme	Labeling Scheme	Prior	R2	MAE	MSE	KL
UXM	UXM	None	NA	NA	NA	96.39	5.59	3.00	14.54
UXM	UXM	Lin. clip+norm	NA	NA	NA	96.88	5.05	2.59	13.28
UXM	UXM	Lin. simplex	NA	NA	NA	97.46	4.23	2.11	12.39
UXM	UXM	Vec. scaling	NA	NA	NA	96.43	5.31	2.97	10.98
CancerDetector	XGB	None	NA	NA	Training Counts	96.84	4.07	2.62	7.78
CancerDetector	XGB	Lin. clip+norm	NA	NA	Training Counts	97.22	3.80	2.31	8.09
CancerDetector	XGB	Lin. simplex	NA	NA	Training Counts	97.67	3.44	1.93	9.18
CancerDetector	XGB	Vec. scaling	NA	NA	Training Counts	97.17	4.28	2.35	6.18
CancerDetector	MLP	None	NA	NA	Training Counts	94.13	4.65	4.87	11.01
CancerDetector	MLP	Lin. clip+norm	NA	NA	Training Counts	94.74	4.60	4.37	12.73
CancerDetector	MLP	Lin. simplex	NA	NA	Training Counts	94.97	4.53	4.17	15.57
CancerDetector	MLP	Vec. scaling	NA	NA	Training Counts	95.00	4.56	4.15	9.89
CancerDetector	SWN	None	NA	NA	Training Counts	97.48	3.68	2.09	7.12
CancerDetector	SWN	Lin. clip+norm	NA	NA	Training Counts	97.94	3.45	1.71	8.39
CancerDetector	SWN	Lin. simplex	NA	NA	Training Counts	98.06	3.37	1.61	10.74
CancerDetector	SWN	Vec. scaling	NA	NA	Training Counts	98.00	3.65	1.66	6.32
CancerDetector	NNLS	None	NA	NA	Training Counts	97.08	4.48	2.42	10.70
CancerDetector	NNLS	Lin. clip+norm	NA	NA	Training Counts	97.43	3.97	2.13	9.47
CancerDetector	NNLS	Lin. simplex	NA	NA	Training Counts	97.96	3.37	1.70	8.75
CancerDetector	NNLS	Vec. scaling	NA	NA	Training Counts	97.34	4.40	2.21	7.92
CancerDetector	PSLS	None	NA	NA	Training Counts	97.94	3.57	1.71	8.56
CancerDetector	PSLS	Lin. clip+norm	NA	NA	Training Counts	97.91	3.60	1.73	8.67
CancerDetector	PSLS	Lin. simplex	NA	NA	Training Counts	98.17	3.31	1.52	9.10
CancerDetector	PSLS	Vec. scaling	NA	NA	Training Counts	97.45	4.14	2.12	7.68
CancerDetector	XGB	None	NA	NA	Uniform	97.03	4.01	2.46	7.65
CancerDetector	XGB	Lin. clip+norm	NA	NA	Uniform	97.39	3.71	2.17	7.83
CancerDetector	XGB	Lin. simplex	NA	NA	Uniform	97.84	3.33	1.79	8.86
CancerDetector	XGB	Vec. scaling	NA	NA	Uniform	97.33	4.19	2.22	6.01
CancerDetector	MLP	None	NA	NA	Uniform	91.79	4.92	6.81	13.90
CancerDetector	MLP	Lin. clip+norm	NA	NA	Uniform	92.40	5.05	6.31	14.90
CancerDetector	MLP	Lin. simplex	NA	NA	Uniform	92.64	4.98	6.11	16.46
CancerDetector	MLP	Vec. scaling	NA	NA	Uniform	92.75	5.06	6.01	12.13
CancerDetector	SWN	None	NA	NA	Uniform	97.59	3.66	2.00	7.06
CancerDetector	SWN	Lin. clip+norm	NA	NA	Uniform	98.02	3.40	1.65	8.40
CancerDetector	SWN	Lin. simplex	NA	NA	Uniform	98.13	3.27	1.55	10.36
CancerDetector	SWN	Vec. scaling	NA	NA	Uniform	98.13	3.54	1.55	6.13
CancerDetector	NNLS	None	NA	NA	Uniform	97.19	4.33	2.33	10.30
CancerDetector	NNLS	Lin. clip+norm	NA	NA	Uniform	97.55	3.88	2.04	9.24
CancerDetector	NNLS	Lin. simplex	NA	NA	Uniform	98.05	3.31	1.62	8.54
CancerDetector	NNLS	Vec. scaling	NA	NA	Uniform	97.49	4.33	2.08	7.70
CancerDetector	PSLS	None	NA	NA	Uniform	98.08	3.45	1.60	8.24
CancerDetector	PSLS	Lin. clip+norm	NA	NA	Uniform	98.08	3.47	1.59	8.50
CancerDetector	PSLS	Lin. simplex	NA	NA	Uniform	98.36	3.17	1.36	8.75
CancerDetector	PSLS	Vec. scaling	NA	NA	Uniform	97.69	4.03	1.92	7.54
Dismir	XGB	None	Top 10%	Hard Labels	NA	96.42	4.31	2.97	8.44
Dismir	XGB	Lin. clip+norm	Top 10%	Hard Labels	NA	96.87	3.96	2.59	8.31
Dismir	XGB	Lin. simplex	Top 10%	Hard Labels	NA	97.39	3.53	2.16	8.85
Dismir	XGB	Vec. scaling	Top 10%	Hard Labels	NA	96.95	4.36	2.53	6.61
Dismir	MLP	None	Top 10%	Hard Labels	NA	96.75	4.04	2.70	7.71
Dismir	MLP	Lin. clip+norm	Top 10%	Hard Labels	NA	97.04	3.94	2.46	9.56
Dismir	MLP	Lin. simplex	Top 10%	Hard Labels	NA	97.21	3.78	2.31	12.04
Dismir	MLP	Vec. scaling	Top 10%	Hard Labels	NA	97.17	3.98	2.35	7.20
Dismir	SWN	None	Top 10%	Hard Labels	NA	96.66	3.82	2.77	6.70
Dismir	SWN	Lin. clip+norm	Top 10%	Hard Labels	NA	96.86	3.73	2.60	7.29
Dismir	SWN	Lin. simplex	Top 10%	Hard Labels	NA	96.77	3.81	2.68	9.92
Dismir	SWN	Vec. scaling	Top 10%	Hard Labels	NA	96.19	4.10	3.16	6.46
Dismir	NNLS	None	Top 10%	Hard Labels	NA	95.35	4.96	3.86	36.09
Dismir	NNLS	Lin. clip+norm	Top 10%	Hard Labels	NA	96.68	4.62	2.76	11.36
Dismir	NNLS	Lin. simplex	Top 10%	Hard Labels	NA	97.29	3.88	2.25	9.89
Dismir	NNLS	Vec. scaling	Top 10%	Hard Labels	NA	96.41	4.74	2.98	30.78
Dismir	PSLS	None	Top 10%	Hard Labels	NA	95.52	4.46	3.72	29.92
Dismir	PSLS	Lin. clip+norm	Top 10%	Hard Labels	NA	95.86	4.61	3.43	11.94
Dismir	PSLS	Lin. simplex	Top 10%	Hard Labels	NA	96.34	4.13	3.04	11.16
Dismir	PSLS	Vec. scaling	Top 10%	Hard Labels	NA	95.13	5.35	4.04	14.21
MethylBERT	XGB	None	Top 10%	Hard Labels	NA	94.36	5.46	4.68	11.38
MethylBERT	XGB	Lin. clip+norm	Top 10%	Hard Labels	NA	95.38	4.79	3.84	10.96
MethylBERT	XGB	Lin. simplex	Top 10%	Hard Labels	NA	96.05	4.27	3.28	12.80
MethylBERT	XGB	Vec. scaling	Top 10%	Hard Labels	NA	96.31	4.87	3.07	7.81
MethylBERT	MLP	None	Top 10%	Hard Labels	NA	94.14	4.69	4.87	11.11
MethylBERT	MLP	Lin. clip+norm	Top 10%	Hard Labels	NA	94.98	4.49	4.17	12.48
MethylBERT	MLP	Lin. simplex	Top 10%	Hard Labels	NA	95.25	4.35	3.94	15.41
MethylBERT	MLP	Vec. scaling	Top 10%	Hard Labels	NA	95.05	4.48	4.10	9.74
MethylBERT	SWN	None	Top 10%	Hard Labels	NA	97.20	3.99	2.33	7.87
MethylBERT	SWN	Lin. clip+norm	Top 10%	Hard Labels	NA	97.68	3.83	1.92	9.28
MethylBERT	SWN	Lin. simplex	Top 10%	Hard Labels	NA	97.71	3.78	1.90	12.34
MethylBERT	SWN	Vec. scaling	Top 10%	Hard Labels	NA	97.64	4.00	1.96	7.14
MethylBERT	NNLS	None	Top 10%	Hard Labels	NA	96.77	4.55	2.68	16.71
MethylBERT	NNLS	Lin. clip+norm	Top 10%	Hard Labels	NA	97.78	4.14	1.85	10.11
MethylBERT	NNLS	Lin. simplex	Top 10%	Hard Labels	NA	97.96	3.47	1.69	10.21
MethylBERT	NNLS	Vec. scaling	Top 10%	Hard Labels	NA	97.21	4.46	2.31	12.87
MethylBERT	PSLS	None	Top 10%	Hard Labels	NA	96.57	4.30	2.85	17.29
MethylBERT	PSLS	Lin. clip+norm	Top 10%	Hard Labels	NA	97.82	4.11	1.81	10.28
MethylBERT	PSLS	Lin. simplex	Top 10%	Hard Labels	NA	98.07	3.49	1.61	10.23
MethylBERT	PSLS	Vec. scaling	Top 10%	Hard Labels	NA	97.23	4.47	2.30	9.80
Lookup Classifier	XGB	None	Top 10%	Hard Labels	NA	77.69	14.59	18.52	44.84
Lookup Classifier	XGB	Lin. clip+norm	Top 10%	Hard Labels	NA	82.97	11.80	14.13	56.67
Lookup Classifier	XGB	Lin. simplex	Top 10%	Hard Labels	NA	86.00	9.92	11.62	65.22
Lookup Classifier	XGB	Vec. scaling	Top 10%	Hard Labels	NA	86.96	10.62	10.82	37.08
Lookup Classifier	MLP	None	Top 10%	Hard Labels	NA	77.15	13.64	18.97	48.04
Lookup Classifier	MLP	Lin. clip+norm	Top 10%	Hard Labels	NA	82.85	11.94	14.23	57.26
Lookup Classifier	MLP	Lin. simplex	Top 10%	Hard Labels	NA	83.44	11.16	13.74	68.37
Lookup Classifier	MLP	Vec. scaling	Top 10%	Hard Labels	NA	81.77	12.57	15.13	43.51
Lookup Classifier	SWN	None	Top 10%	Hard Labels	NA	81.58	12.39	15.29	37.31
Lookup Classifier	SWN	Lin. clip+norm	Top 10%	Hard Labels	NA	88.08	9.78	9.89	42.10
Lookup Classifier	SWN	Lin. simplex	Top 10%	Hard Labels	NA	89.12	9.07	9.03	49.84
Lookup Classifier	SWN	Vec. scaling	Top 10%	Hard Labels	NA	87.92	10.14	10.03	31.25
Lookup Classifier	NNLS	None	Top 10%	Hard Labels	NA	81.46	14.24	15.39	55.69
Lookup Classifier	NNLS	Lin. clip+norm	Top 10%	Hard Labels	NA	87.57	11.17	10.31	49.64
Lookup Classifier	NNLS	Lin. simplex	Top 10%	Hard Labels	NA	90.33	8.82	8.03	51.97
Lookup Classifier	NNLS	Vec. scaling	Top 10%	Hard Labels	NA	89.74	9.53	8.51	44.10
Lookup Classifier	PSLS	None	Top 10%	Hard Labels	NA	81.55	14.23	15.31	55.40
Lookup Classifier	PSLS	Lin. clip+norm	Top 10%	Hard Labels	NA	87.70	11.15	10.21	49.24
Lookup Classifier	PSLS	Lin. simplex	Top 10%	Hard Labels	NA	90.46	8.77	7.91	51.39
Lookup Classifier	PSLS	Vec. scaling	Top 10%	Hard Labels	NA	86.92	10.78	10.86	42.09
Dismir	XGB	None	Diag. + Bckg.	Hard Labels	NA	96.40	4.39	2.99	8.48
Dismir	XGB	Lin. clip+norm	Diag. + Bckg.	Hard Labels	NA	96.91	3.99	2.56	8.13
Dismir	XGB	Lin. simplex	Diag. + Bckg.	Hard Labels	NA	97.50	3.52	2.08	8.52
Dismir	XGB	Vec. scaling	Diag. + Bckg.	Hard Labels	NA	97.19	4.33	2.33	6.13
Dismir	MLP	None	Diag. + Bckg.	Hard Labels	NA	97.33	4.16	2.22	7.71
Dismir	MLP	Lin. clip+norm	Diag. + Bckg.	Hard Labels	NA	97.39	4.13	2.17	10.03
Dismir	MLP	Lin. simplex	Diag. + Bckg.	Hard Labels	NA	97.56	3.98	2.02	13.00
Dismir	MLP	Vec. scaling	Diag. + Bckg.	Hard Labels	NA	97.43	4.24	2.13	7.64
Dismir	SWN	None	Diag. + Bckg.	Hard Labels	NA	96.96	3.79	2.52	6.67
Dismir	SWN	Lin. clip+norm	Diag. + Bckg.	Hard Labels	NA	97.06	3.83	2.44	7.54
Dismir	SWN	Lin. simplex	Diag. + Bckg.	Hard Labels	NA	97.17	3.82	2.35	9.82
Dismir	SWN	Vec. scaling	Diag. + Bckg.	Hard Labels	NA	96.56	4.21	2.86	6.43
Dismir	NNLS	None	Diag. + Bckg.	Hard Labels	NA	95.80	4.39	3.48	29.93
Dismir	NNLS	Lin. clip+norm	Diag. + Bckg.	Hard Labels	NA	96.61	4.41	2.81	10.96
Dismir	NNLS	Lin. simplex	Diag. + Bckg.	Hard Labels	NA	97.16	3.93	2.35	10.15
Dismir	NNLS	Vec. scaling	Diag. + Bckg.	Hard Labels	NA	96.09	4.72	3.25	26.48
Dismir	PSLS	None	Diag. + Bckg.	Hard Labels	NA	95.76	4.40	3.52	26.10
Dismir	PSLS	Lin. clip+norm	Diag. + Bckg.	Hard Labels	NA	96.33	4.50	3.04	11.29
Dismir	PSLS	Lin. simplex	Diag. + Bckg.	Hard Labels	NA	96.86	4.01	2.60	10.50
Dismir	PSLS	Vec. scaling	Diag. + Bckg.	Hard Labels	NA	95.37	5.27	3.85	12.96
MethylBERT	XGB	None	Diag. + Bckg.	Hard Labels	NA	94.28	5.47	4.75	11.67
MethylBERT	XGB	Lin. clip+norm	Diag. + Bckg.	Hard Labels	NA	95.24	4.85	3.95	11.45
MethylBERT	XGB	Lin. simplex	Diag. + Bckg.	Hard Labels	NA	95.95	4.30	3.36	13.40
MethylBERT	XGB	Vec. scaling	Diag. + Bckg.	Hard Labels	NA	96.17	4.92	3.18	8.21
MethylBERT	MLP	None	Diag. + Bckg.	Hard Labels	NA	95.95	4.68	3.36	10.64
MethylBERT	MLP	Lin. clip+norm	Diag. + Bckg.	Hard Labels	NA	96.85	4.47	2.62	12.37
MethylBERT	MLP	Lin. simplex	Diag. + Bckg.	Hard Labels	NA	96.94	4.39	2.54	15.94
MethylBERT	MLP	Vec. scaling	Diag. + Bckg.	Hard Labels	NA	96.79	4.59	2.66	9.50
MethylBERT	SWN	None	Diag. + Bckg.	Hard Labels	NA	97.67	3.71	1.93	6.99
MethylBERT	SWN	Lin. clip+norm	Diag. + Bckg.	Hard Labels	NA	98.07	3.67	1.60	8.34
MethylBERT	SWN	Lin. simplex	Diag. + Bckg.	Hard Labels	NA	97.88	3.73	1.76	12.35
MethylBERT	SWN	Vec. scaling	Diag. + Bckg.	Hard Labels	NA	97.89	3.85	1.75	6.52
MethylBERT	NNLS	None	Diag. + Bckg.	Hard Labels	NA	97.66	3.94	1.94	10.28
MethylBERT	NNLS	Lin. clip+norm	Diag. + Bckg.	Hard Labels	NA	97.84	3.75	1.80	9.67
MethylBERT	NNLS	Lin. simplex	Diag. + Bckg.	Hard Labels	NA	98.19	3.29	1.51	9.81
MethylBERT	NNLS	Vec. scaling	Diag. + Bckg.	Hard Labels	NA	97.65	4.02	1.95	8.40
MethylBERT	PSLS	None	Diag. + Bckg.	Hard Labels	NA	97.65	3.98	1.95	9.77
MethylBERT	PSLS	Lin. clip+norm	Diag. + Bckg.	Hard Labels	NA	97.84	3.78	1.79	9.74
MethylBERT	PSLS	Lin. simplex	Diag. + Bckg.	Hard Labels	NA	98.20	3.32	1.50	9.83
MethylBERT	PSLS	Vec. scaling	Diag. + Bckg.	Hard Labels	NA	97.72	4.03	1.89	8.08
Lookup Classifier	XGB	None	Diag. + Bckg.	Hard Labels	NA	-1.00	44.40	84.16	241.68
Lookup Classifier	XGB	Lin. clip+norm	Diag. + Bckg.	Hard Labels	NA	-0.01	44.36	83.33	231.34
Lookup Classifier	XGB	Lin. simplex	Diag. + Bckg.	Hard Labels	NA	-0.01	44.36	83.33	231.34
Lookup Classifier	XGB	Vec. scaling	Diag. + Bckg.	Hard Labels	NA	-0.02	44.36	83.34	232.05
Lookup Classifier	MLP	None	Diag. + Bckg.	Hard Labels	NA	-0.01	44.36	83.34	231.37
Lookup Classifier	MLP	Lin. clip+norm	Diag. + Bckg.	Hard Labels	NA	-0.01	44.36	83.33	231.35
Lookup Classifier	MLP	Lin. simplex	Diag. + Bckg.	Hard Labels	NA	-0.01	44.36	83.33	231.35
Lookup Classifier	MLP	Vec. scaling	Diag. + Bckg.	Hard Labels	NA	-0.01	44.36	83.33	231.34
Lookup Classifier	SWN	None	Diag. + Bckg.	Hard Labels	NA	-0.01	44.36	83.34	231.36
Lookup Classifier	SWN	Lin. clip+norm	Diag. + Bckg.	Hard Labels	NA	-0.01	44.36	83.34	231.35
Lookup Classifier	SWN	Lin. simplex	Diag. + Bckg.	Hard Labels	NA	-0.01	44.36	83.34	231.35
Lookup Classifier	SWN	Vec. scaling	Diag. + Bckg.	Hard Labels	NA	-0.01	44.36	83.33	231.34
Lookup Classifier	NNLS	None	Diag. + Bckg.	Hard Labels	NA	-57.24	46.23	131.02	1034.52
Lookup Classifier	NNLS	Lin. clip+norm	Diag. + Bckg.	Hard Labels	NA	-0.01	44.36	83.33	231.35
Lookup Classifier	NNLS	Lin. simplex	Diag. + Bckg.	Hard Labels	NA	-0.01	44.36	83.33	231.35
Lookup Classifier	NNLS	Vec. scaling	Diag. + Bckg.	Hard Labels	NA	-0.79	44.39	83.99	326.66
Lookup Classifier	PSLS	None	Diag. + Bckg.	Hard Labels	NA	-57.34	46.23	131.10	1005.05
Lookup Classifier	PSLS	Lin. clip+norm	Diag. + Bckg.	Hard Labels	NA	-0.01	44.36	83.33	231.35
Lookup Classifier	PSLS	Lin. simplex	Diag. + Bckg.	Hard Labels	NA	-0.01	44.36	83.33	231.35
Lookup Classifier	PSLS	Vec. scaling	Diag. + Bckg.	Hard Labels	NA	-0.24	44.38	83.53	252.57
Dismir	XGB	None	Top 10%	Canonical Soft Labels	NA	95.51	4.76	3.73	9.22
Dismir	XGB	Lin. clip+norm	Top 10%	Canonical Soft Labels	NA	96.33	4.02	3.05	8.61
Dismir	XGB	Lin. simplex	Top 10%	Canonical Soft Labels	NA	96.98	3.51	2.51	8.94
Dismir	XGB	Vec. scaling	Top 10%	Canonical Soft Labels	NA	97.32	3.86	2.23	6.11
Dismir	MLP	None	Top 10%	Canonical Soft Labels	NA	96.23	4.45	3.13	10.42
Dismir	MLP	Lin. clip+norm	Top 10%	Canonical Soft Labels	NA	96.69	4.23	2.75	10.67
Dismir	MLP	Lin. simplex	Top 10%	Canonical Soft Labels	NA	97.05	3.99	2.45	12.42
Dismir	MLP	Vec. scaling	Top 10%	Canonical Soft Labels	NA	96.99	4.02	2.50	8.52
Dismir	SWN	None	Top 10%	Canonical Soft Labels	NA	93.65	4.98	5.28	10.00
Dismir	SWN	Lin. clip+norm	Top 10%	Canonical Soft Labels	NA	94.94	4.63	4.20	10.49
Dismir	SWN	Lin. simplex	Top 10%	Canonical Soft Labels	NA	95.29	4.63	3.91	12.77
Dismir	SWN	Vec. scaling	Top 10%	Canonical Soft Labels	NA	95.33	4.15	3.88	7.97
Dismir	NNLS	None	Top 10%	Canonical Soft Labels	NA	94.86	5.08	4.27	45.52
Dismir	NNLS	Lin. clip+norm	Top 10%	Canonical Soft Labels	NA	96.08	4.44	3.25	12.30
Dismir	NNLS	Lin. simplex	Top 10%	Canonical Soft Labels	NA	96.76	3.57	2.69	10.94
Dismir	NNLS	Vec. scaling	Top 10%	Canonical Soft Labels	NA	96.25	4.24	3.12	40.25
Dismir	PSLS	None	Top 10%	Canonical Soft Labels	NA	95.51	4.65	3.73	30.18
Dismir	PSLS	Lin. clip+norm	Top 10%	Canonical Soft Labels	NA	97.00	3.89	2.49	12.08
Dismir	PSLS	Lin. simplex	Top 10%	Canonical Soft Labels	NA	97.74	3.24	1.88	10.95
Dismir	PSLS	Vec. scaling	Top 10%	Canonical Soft Labels	NA	96.65	4.40	2.78	13.06
MethylBERT	XGB	None	Top 10%	Canonical Soft Labels	NA	94.26	5.56	4.77	11.61
MethylBERT	XGB	Lin. clip+norm	Top 10%	Canonical Soft Labels	NA	95.48	4.55	3.75	10.95
MethylBERT	XGB	Lin. simplex	Top 10%	Canonical Soft Labels	NA	96.38	3.91	3.01	11.70
MethylBERT	XGB	Vec. scaling	Top 10%	Canonical Soft Labels	NA	96.95	4.30	2.53	7.44
MethylBERT	MLP	None	Top 10%	Canonical Soft Labels	NA	96.65	4.41	2.78	9.29
MethylBERT	MLP	Lin. clip+norm	Top 10%	Canonical Soft Labels	NA	97.32	3.95	2.22	10.59
MethylBERT	MLP	Lin. simplex	Top 10%	Canonical Soft Labels	NA	97.60	3.66	1.99	12.13
MethylBERT	MLP	Vec. scaling	Top 10%	Canonical Soft Labels	NA	97.80	3.63	1.82	7.79
MethylBERT	SWN	None	Top 10%	Canonical Soft Labels	NA	96.77	4.24	2.69	8.44
MethylBERT	SWN	Lin. clip+norm	Top 10%	Canonical Soft Labels	NA	97.44	3.63	2.13	9.95
MethylBERT	SWN	Lin. simplex	Top 10%	Canonical Soft Labels	NA	97.74	3.39	1.88	11.98
MethylBERT	SWN	Vec. scaling	Top 10%	Canonical Soft Labels	NA	97.81	3.51	1.82	7.07
MethylBERT	NNLS	None	Top 10%	Canonical Soft Labels	NA	96.66	4.74	2.77	11.86
MethylBERT	NNLS	Lin. clip+norm	Top 10%	Canonical Soft Labels	NA	97.38	3.87	2.18	10.65
MethylBERT	NNLS	Lin. simplex	Top 10%	Canonical Soft Labels	NA	98.00	3.13	1.66	9.90
MethylBERT	NNLS	Vec. scaling	Top 10%	Canonical Soft Labels	NA	97.80	3.96	1.83	8.40
MethylBERT	PSLS	None	Top 10%	Canonical Soft Labels	NA	97.20	4.23	2.33	10.63
MethylBERT	PSLS	Lin. clip+norm	Top 10%	Canonical Soft Labels	NA	97.77	3.56	1.85	10.21
MethylBERT	PSLS	Lin. simplex	Top 10%	Canonical Soft Labels	NA	98.27	2.99	1.44	10.10
MethylBERT	PSLS	Vec. scaling	Top 10%	Canonical Soft Labels	NA	97.90	3.62	1.75	8.24
Dismir	XGB	None	Diag. + Bckg.	Canonical Soft Labels	NA	95.45	4.84	3.78	9.45
Dismir	XGB	Lin. clip+norm	Diag. + Bckg.	Canonical Soft Labels	NA	96.32	4.07	3.06	8.82
Dismir	XGB	Lin. simplex	Diag. + Bckg.	Canonical Soft Labels	NA	96.99	3.54	2.50	9.30
Dismir	XGB	Vec. scaling	Diag. + Bckg.	Canonical Soft Labels	NA	97.41	3.87	2.15	6.23
Dismir	MLP	None	Diag. + Bckg.	Canonical Soft Labels	NA	95.53	4.99	3.71	10.30
Dismir	MLP	Lin. clip+norm	Diag. + Bckg.	Canonical Soft Labels	NA	96.03	4.78	3.30	11.71
Dismir	MLP	Lin. simplex	Diag. + Bckg.	Canonical Soft Labels	NA	96.33	4.62	3.05	14.18
Dismir	MLP	Vec. scaling	Diag. + Bckg.	Canonical Soft Labels	NA	96.39	4.60	3.00	9.32
Dismir	SWN	None	Diag. + Bckg.	Canonical Soft Labels	NA	94.56	4.65	4.52	8.90
Dismir	SWN	Lin. clip+norm	Diag. + Bckg.	Canonical Soft Labels	NA	95.86	4.17	3.44	9.13
Dismir	SWN	Lin. simplex	Diag. + Bckg.	Canonical Soft Labels	NA	96.01	4.15	3.31	11.20
Dismir	SWN	Vec. scaling	Diag. + Bckg.	Canonical Soft Labels	NA	96.13	3.86	3.22	7.04
Dismir	NNLS	None	Diag. + Bckg.	Canonical Soft Labels	NA	95.59	4.58	3.67	34.62
Dismir	NNLS	Lin. clip+norm	Diag. + Bckg.	Canonical Soft Labels	NA	97.08	3.85	2.43	11.03
Dismir	NNLS	Lin. simplex	Diag. + Bckg.	Canonical Soft Labels	NA	97.80	3.18	1.83	10.40
Dismir	NNLS	Vec. scaling	Diag. + Bckg.	Canonical Soft Labels	NA	97.09	3.94	2.42	30.57
Dismir	PSLS	None	Diag. + Bckg.	Canonical Soft Labels	NA	95.64	4.58	3.63	29.03
Dismir	PSLS	Lin. clip+norm	Diag. + Bckg.	Canonical Soft Labels	NA	97.07	3.84	2.44	11.73
Dismir	PSLS	Lin. simplex	Diag. + Bckg.	Canonical Soft Labels	NA	97.79	3.19	1.84	10.59
Dismir	PSLS	Vec. scaling	Diag. + Bckg.	Canonical Soft Labels	NA	96.80	4.29	2.66	12.33
MethylBERT	XGB	None	Diag. + Bckg.	Canonical Soft Labels	NA	93.81	5.76	5.14	12.38
MethylBERT	XGB	Lin. clip+norm	Diag. + Bckg.	Canonical Soft Labels	NA	95.12	4.73	4.06	11.76
MethylBERT	XGB	Lin. simplex	Diag. + Bckg.	Canonical Soft Labels	NA	96.11	4.03	3.23	12.61
MethylBERT	XGB	Vec. scaling	Diag. + Bckg.	Canonical Soft Labels	NA	96.74	4.48	2.71	8.00
MethylBERT	MLP	None	Diag. + Bckg.	Canonical Soft Labels	NA	95.75	4.85	3.53	10.50
MethylBERT	MLP	Lin. clip+norm	Diag. + Bckg.	Canonical Soft Labels	NA	96.71	4.45	2.73	12.28
MethylBERT	MLP	Lin. simplex	Diag. + Bckg.	Canonical Soft Labels	NA	96.98	4.25	2.51	14.73
MethylBERT	MLP	Vec. scaling	Diag. + Bckg.	Canonical Soft Labels	NA	97.03	4.29	2.47	9.05
MethylBERT	SWN	None	Diag. + Bckg.	Canonical Soft Labels	NA	96.75	4.23	2.70	8.35
MethylBERT	SWN	Lin. clip+norm	Diag. + Bckg.	Canonical Soft Labels	NA	97.50	3.60	2.08	9.62
MethylBERT	SWN	Lin. simplex	Diag. + Bckg.	Canonical Soft Labels	NA	97.80	3.37	1.83	11.82
MethylBERT	SWN	Vec. scaling	Diag. + Bckg.	Canonical Soft Labels	NA	97.90	3.47	1.75	6.94
MethylBERT	NNLS	None	Diag. + Bckg.	Canonical Soft Labels	NA	97.19	4.22	2.34	11.10
MethylBERT	NNLS	Lin. clip+norm	Diag. + Bckg.	Canonical Soft Labels	NA	97.76	3.56	1.86	10.17
MethylBERT	NNLS	Lin. simplex	Diag. + Bckg.	Canonical Soft Labels	NA	98.26	3.00	1.45	10.11
MethylBERT	NNLS	Vec. scaling	Diag. + Bckg.	Canonical Soft Labels	NA	98.08	3.59	1.59	8.49
MethylBERT	PSLS	None	Diag. + Bckg.	Canonical Soft Labels	NA	97.17	4.24	2.35	10.56
MethylBERT	PSLS	Lin. clip+norm	Diag. + Bckg.	Canonical Soft Labels	NA	97.75	3.58	1.87	10.21
MethylBERT	PSLS	Lin. simplex	Diag. + Bckg.	Canonical Soft Labels	NA	98.25	3.01	1.46	10.14
MethylBERT	PSLS	Vec. scaling	Diag. + Bckg.	Canonical Soft Labels	NA	97.94	3.61	1.71	8.15
Dismir	XGB	None	NA	Data-Driven Soft-Labels (with pooling)	NA	96.30	4.26	3.07	8.50
Dismir	XGB	Lin. clip+norm	NA	Data-Driven Soft-Labels (with pooling)	NA	96.66	4.14	2.77	8.95
Dismir	XGB	Lin. simplex	NA	Data-Driven Soft-Labels (with pooling)	NA	97.01	3.70	2.48	9.36
Dismir	XGB	Vec. scaling	NA	Data-Driven Soft-Labels (with pooling)	NA	96.98	4.35	2.51	6.66
Dismir	MLP	None	NA	Data-Driven Soft-Labels (with pooling)	NA	96.91	4.07	2.56	8.04
Dismir	MLP	Lin. clip+norm	NA	Data-Driven Soft-Labels (with pooling)	NA	97.42	3.88	2.14	9.78
Dismir	MLP	Lin. simplex	NA	Data-Driven Soft-Labels (with pooling)	NA	97.59	3.73	2.00	12.04
Dismir	MLP	Vec. scaling	NA	Data-Driven Soft-Labels (with pooling)	NA	97.75	3.76	1.87	7.10
Dismir	SWN	None	NA	Data-Driven Soft-Labels (with pooling)	NA	97.65	3.51	1.95	6.01
Dismir	SWN	Lin. clip+norm	NA	Data-Driven Soft-Labels (with pooling)	NA	98.30	3.24	1.41	6.35
Dismir	SWN	Lin. simplex	NA	Data-Driven Soft-Labels (with pooling)	NA	98.27	3.37	1.43	9.01
Dismir	SWN	Vec. scaling	NA	Data-Driven Soft-Labels (with pooling)	NA	98.19	3.47	1.50	5.29
Dismir	NNLS	None	NA	Data-Driven Soft-Labels (with pooling)	NA	97.81	3.76	1.82	9.21
Dismir	NNLS	Lin. clip+norm	NA	Data-Driven Soft-Labels (with pooling)	NA	98.11	3.49	1.57	8.29
Dismir	NNLS	Lin. simplex	NA	Data-Driven Soft-Labels (with pooling)	NA	98.53	3.05	1.22	7.75
Dismir	NNLS	Vec. scaling	NA	Data-Driven Soft-Labels (with pooling)	NA	97.81	4.04	1.81	7.20
Dismir	PSLS	None	NA	Data-Driven Soft-Labels (with pooling)	NA	97.85	3.61	1.79	8.80
Dismir	PSLS	Lin. clip+norm	NA	Data-Driven Soft-Labels (with pooling)	NA	98.21	3.46	1.49	7.72
Dismir	PSLS	Lin. simplex	NA	Data-Driven Soft-Labels (with pooling)	NA	98.59	3.09	1.17	7.77
Dismir	PSLS	Vec. scaling	NA	Data-Driven Soft-Labels (with pooling)	NA	97.62	4.08	1.98	7.39
MethylBERT	XGB	None	NA	Data-Driven Soft-Labels (with pooling)	NA	94.71	4.65	4.39	11.43
MethylBERT	XGB	Lin. clip+norm	NA	Data-Driven Soft-Labels (with pooling)	NA	95.14	4.71	4.04	11.77
MethylBERT	XGB	Lin. simplex	NA	Data-Driven Soft-Labels (with pooling)	NA	95.31	4.36	3.90	14.17
MethylBERT	XGB	Vec. scaling	NA	Data-Driven Soft-Labels (with pooling)	NA	95.26	5.03	3.93	9.44
MethylBERT	MLP	None	NA	Data-Driven Soft-Labels (with pooling)	NA	96.89	4.05	2.58	8.89
MethylBERT	MLP	Lin. clip+norm	NA	Data-Driven Soft-Labels (with pooling)	NA	97.32	3.89	2.23	10.41
MethylBERT	MLP	Lin. simplex	NA	Data-Driven Soft-Labels (with pooling)	NA	97.36	3.89	2.19	13.54
MethylBERT	MLP	Vec. scaling	NA	Data-Driven Soft-Labels (with pooling)	NA	97.52	3.89	2.06	7.95
MethylBERT	SWN	None	NA	Data-Driven Soft-Labels (with pooling)	NA	97.22	3.63	2.30	6.76
MethylBERT	SWN	Lin. clip+norm	NA	Data-Driven Soft-Labels (with pooling)	NA	97.76	3.48	1.86	7.01
MethylBERT	SWN	Lin. simplex	NA	Data-Driven Soft-Labels (with pooling)	NA	97.75	3.59	1.87	9.71
MethylBERT	SWN	Vec. scaling	NA	Data-Driven Soft-Labels (with pooling)	NA	97.63	3.81	1.97	6.10
MethylBERT	NNLS	None	NA	Data-Driven Soft-Labels (with pooling)	NA	97.84	3.77	1.79	9.60
MethylBERT	NNLS	Lin. clip+norm	NA	Data-Driven Soft-Labels (with pooling)	NA	98.08	3.53	1.60	8.12
MethylBERT	NNLS	Lin. simplex	NA	Data-Driven Soft-Labels (with pooling)	NA	98.44	3.12	1.29	8.15
MethylBERT	NNLS	Vec. scaling	NA	Data-Driven Soft-Labels (with pooling)	NA	97.70	4.13	1.91	7.65
MethylBERT	PSLS	None	NA	Data-Driven Soft-Labels (with pooling)	NA	97.87	3.63	1.77	9.26
MethylBERT	PSLS	Lin. clip+norm	NA	Data-Driven Soft-Labels (with pooling)	NA	98.19	3.47	1.50	7.54
MethylBERT	PSLS	Lin. simplex	NA	Data-Driven Soft-Labels (with pooling)	NA	98.51	3.16	1.24	8.34
MethylBERT	PSLS	Vec. scaling	NA	Data-Driven Soft-Labels (with pooling)	NA	97.66	4.06	1.94	7.69
Dismir	XGB	None	NA	Data-Driven Soft-Labels (without pooling)	NA	97.10	3.99	2.41	7.51
Dismir	XGB	Lin. clip+norm	NA	Data-Driven Soft-Labels (without pooling)	NA	97.42	3.66	2.14	7.48
Dismir	XGB	Lin. simplex	NA	Data-Driven Soft-Labels (without pooling)	NA	97.74	3.35	1.88	8.43
Dismir	XGB	Vec. scaling	NA	Data-Driven Soft-Labels (without pooling)	NA	97.12	4.24	2.39	6.11
Dismir	MLP	None	NA	Data-Driven Soft-Labels (without pooling)	NA	96.74	4.22	2.70	8.39
Dismir	MLP	Lin. clip+norm	NA	Data-Driven Soft-Labels (without pooling)	NA	97.05	4.08	2.45	9.97
Dismir	MLP	Lin. simplex	NA	Data-Driven Soft-Labels (without pooling)	NA	97.22	3.97	2.31	13.18
Dismir	MLP	Vec. scaling	NA	Data-Driven Soft-Labels (without pooling)	NA	97.51	3.95	2.06	7.36
Dismir	SWN	None	NA	Data-Driven Soft-Labels (without pooling)	NA	96.88	3.58	2.59	6.30
Dismir	SWN	Lin. clip+norm	NA	Data-Driven Soft-Labels (without pooling)	NA	97.39	3.49	2.16	6.97
Dismir	SWN	Lin. simplex	NA	Data-Driven Soft-Labels (without pooling)	NA	97.39	3.52	2.17	9.26
Dismir	SWN	Vec. scaling	NA	Data-Driven Soft-Labels (without pooling)	NA	96.89	3.81	2.58	6.04
Dismir	NNLS	None	NA	Data-Driven Soft-Labels (without pooling)	NA	97.67	3.88	1.93	9.27
Dismir	NNLS	Lin. clip+norm	NA	Data-Driven Soft-Labels (without pooling)	NA	98.16	3.57	1.53	7.21
Dismir	NNLS	Lin. simplex	NA	Data-Driven Soft-Labels (without pooling)	NA	98.57	3.10	1.19	6.94
Dismir	NNLS	Vec. scaling	NA	Data-Driven Soft-Labels (without pooling)	NA	97.73	4.15	1.88	6.96
Dismir	PSLS	None	NA	Data-Driven Soft-Labels (without pooling)	NA	97.60	3.74	1.99	9.04
Dismir	PSLS	Lin. clip+norm	NA	Data-Driven Soft-Labels (without pooling)	NA	98.12	3.61	1.56	7.41
Dismir	PSLS	Lin. simplex	NA	Data-Driven Soft-Labels (without pooling)	NA	98.53	3.20	1.22	7.05
Dismir	PSLS	Vec. scaling	NA	Data-Driven Soft-Labels (without pooling)	NA	97.16	4.42	2.36	7.50
MethylBERT	XGB	None	NA	Data-Driven Soft-Labels (without pooling)	NA	96.59	4.28	2.83	7.94
MethylBERT	XGB	Lin. clip+norm	NA	Data-Driven Soft-Labels (without pooling)	NA	95.06	5.01	4.10	11.46
MethylBERT	XGB	Lin. simplex	NA	Data-Driven Soft-Labels (without pooling)	NA	95.75	4.59	3.53	13.55
MethylBERT	XGB	Vec. scaling	NA	Data-Driven Soft-Labels (without pooling)	NA	96.13	4.92	3.22	7.60
MethylBERT	MLP	None	NA	Data-Driven Soft-Labels (without pooling)	NA	96.85	4.08	2.62	8.11
MethylBERT	MLP	Lin. clip+norm	NA	Data-Driven Soft-Labels (without pooling)	NA	97.20	3.99	2.33	10.25
MethylBERT	MLP	Lin. simplex	NA	Data-Driven Soft-Labels (without pooling)	NA	97.27	3.88	2.26	13.86
MethylBERT	MLP	Vec. scaling	NA	Data-Driven Soft-Labels (without pooling)	NA	97.20	4.12	2.32	7.73
MethylBERT	SWN	None	NA	Data-Driven Soft-Labels (without pooling)	NA	96.69	3.73	2.75	6.89
MethylBERT	SWN	Lin. clip+norm	NA	Data-Driven Soft-Labels (without pooling)	NA	97.64	3.67	1.96	7.96
MethylBERT	SWN	Lin. simplex	NA	Data-Driven Soft-Labels (without pooling)	NA	97.48	3.78	2.09	11.18
MethylBERT	SWN	Vec. scaling	NA	Data-Driven Soft-Labels (without pooling)	NA	97.56	3.86	2.03	6.31
MethylBERT	NNLS	None	NA	Data-Driven Soft-Labels (without pooling)	NA	97.49	4.07	2.09	11.05
MethylBERT	NNLS	Lin. clip+norm	NA	Data-Driven Soft-Labels (without pooling)	NA	98.03	3.76	1.63	8.33
MethylBERT	NNLS	Lin. simplex	NA	Data-Driven Soft-Labels (without pooling)	NA	98.45	3.16	1.29	8.06
MethylBERT	NNLS	Vec. scaling	NA	Data-Driven Soft-Labels (without pooling)	NA	97.61	4.23	1.99	8.39
MethylBERT	PSLS	None	NA	Data-Driven Soft-Labels (without pooling)	NA	97.61	3.79	1.99	10.20
MethylBERT	PSLS	Lin. clip+norm	NA	Data-Driven Soft-Labels (without pooling)	NA	98.12	3.61	1.56	7.41
MethylBERT	PSLS	Lin. simplex	NA	Data-Driven Soft-Labels (without pooling)	NA	98.53	3.20	1.22	7.05
MethylBERT	PSLS	Vec. scaling	NA	Data-Driven Soft-Labels (without pooling)	NA	97.16	4.42	2.36	7.50
Lookup Classifier	XGB	None	NA	Data-Driven Soft-Labels (without pooling)	NA	75.99	15.16	19.93	49.14
Lookup Classifier	XGB	Lin. clip+norm	NA	Data-Driven Soft-Labels (without pooling)	NA	83.56	10.93	13.64	35.16
Lookup Classifier	XGB	Lin. simplex	NA	Data-Driven Soft-Labels (without pooling)	NA	85.79	9.22	11.80	41.47
Lookup Classifier	XGB	Vec. scaling	NA	Data-Driven Soft-Labels (without pooling)	NA	86.58	10.25	11.14	27.77
Lookup Classifier	MLP	None	NA	Data-Driven Soft-Labels (without pooling)	NA	82.65	12.86	14.40	32.97
Lookup Classifier	MLP	Lin. clip+norm	NA	Data-Driven Soft-Labels (without pooling)	NA	87.01	9.99	10.78	26.98
Lookup Classifier	MLP	Lin. simplex	NA	Data-Driven Soft-Labels (without pooling)	NA	89.11	8.63	9.04	27.10
Lookup Classifier	MLP	Vec. scaling	NA	Data-Driven Soft-Labels (without pooling)	NA	90.30	8.30	8.05	19.56
Lookup Classifier	SWN	None	NA	Data-Driven Soft-Labels (without pooling)	NA	87.36	10.04	10.49	24.52
Lookup Classifier	SWN	Lin. clip+norm	NA	Data-Driven Soft-Labels (without pooling)	NA	90.66	7.63	7.76	20.28
Lookup Classifier	SWN	Lin. simplex	NA	Data-Driven Soft-Labels (without pooling)	NA	92.18	6.84	6.49	23.89
Lookup Classifier	SWN	Vec. scaling	NA	Data-Driven Soft-Labels (without pooling)	NA	92.21	7.30	6.47	16.42
Lookup Classifier	NNLS	None	NA	Data-Driven Soft-Labels (without pooling)	NA	85.43	13.10	12.09	35.13
Lookup Classifier	NNLS	Lin. clip+norm	NA	Data-Driven Soft-Labels (without pooling)	NA	91.46	8.09	7.09	21.28
Lookup Classifier	NNLS	Lin. simplex	NA	Data-Driven Soft-Labels (without pooling)	NA	94.12	5.77	4.88	16.85
Lookup Classifier	NNLS	Vec. scaling	NA	Data-Driven Soft-Labels (without pooling)	NA	93.08	7.49	5.75	15.76
Lookup Classifier	PSLS	None	NA	Data-Driven Soft-Labels (without pooling)	NA	85.32	13.07	12.18	35.23
Lookup Classifier	PSLS	Lin. clip+norm	NA	Data-Driven Soft-Labels (without pooling)	NA	91.37	8.26	7.16	21.51
Lookup Classifier	PSLS	Lin. simplex	NA	Data-Driven Soft-Labels (without pooling)	NA	94.06	5.96	4.93	16.59
Lookup Classifier	PSLS	Vec. scaling	NA	Data-Driven Soft-Labels (without pooling)	NA	93.13	7.50	5.70	15.65